[{"model": "auth.permission", "pk": 1, "fields": {"name": "Can add permission", "content_type": 1, "codename": "add_permission"}}, {"model": "auth.permission", "pk": 2, "fields": {"name": "Can change permission", "content_type": 1, "codename": "change_permission"}}, {"model": "auth.permission", "pk": 3, "fields": {"name": "Can delete permission", "content_type": 1, "codename": "delete_permission"}}, {"model": "auth.permission", "pk": 4, "fields": {"name": "Can view permission", "content_type": 1, "codename": "view_permission"}}, {"model": "auth.permission", "pk": 5, "fields": {"name": "Can add group", "content_type": 2, "codename": "add_group"}}, {"model": "auth.permission", "pk": 6, "fields": {"name": "Can change group", "content_type": 2, "codename": "change_group"}}, {"model": "auth.permission", "pk": 7, "fields": {"name": "Can delete group", "content_type": 2, "codename": "delete_group"}}, {"model": "auth.permission", "pk": 8, "fields": {"name": "Can view group", "content_type": 2, "codename": "view_group"}}, {"model": "auth.permission", "pk": 9, "fields": {"name": "Can add content type", "content_type": 3, "codename": "add_contenttype"}}, {"model": "auth.permission", "pk": 10, "fields": {"name": "Can change content type", "content_type": 3, "codename": "change_contenttype"}}, {"model": "auth.permission", "pk": 11, "fields": {"name": "Can delete content type", "content_type": 3, "codename": "delete_contenttype"}}, {"model": "auth.permission", "pk": 12, "fields": {"name": "Can view content type", "content_type": 3, "codename": "view_contenttype"}}, {"model": "auth.permission", "pk": 13, "fields": {"name": "Can add session", "content_type": 4, "codename": "add_session"}}, {"model": "auth.permission", "pk": 14, "fields": {"name": "Can change session", "content_type": 4, "codename": "change_session"}}, {"model": "auth.permission", "pk": 15, "fields": {"name": "Can delete session", "content_type": 4, "codename": "delete_session"}}, {"model": "auth.permission", "pk": 16, "fields": {"name": "Can view session", "content_type": 4, "codename": "view_session"}}, {"model": "auth.permission", "pk": 17, "fields": {"name": "Can add site", "content_type": 5, "codename": "add_site"}}, {"model": "auth.permission", "pk": 18, "fields": {"name": "Can change site", "content_type": 5, "codename": "change_site"}}, {"model": "auth.permission", "pk": 19, "fields": {"name": "Can delete site", "content_type": 5, "codename": "delete_site"}}, {"model": "auth.permission", "pk": 20, "fields": {"name": "Can view site", "content_type": 5, "codename": "view_site"}}, {"model": "auth.permission", "pk": 21, "fields": {"name": "Can add log entry", "content_type": 6, "codename": "add_logentry"}}, {"model": "auth.permission", "pk": 22, "fields": {"name": "Can change log entry", "content_type": 6, "codename": "change_logentry"}}, {"model": "auth.permission", "pk": 23, "fields": {"name": "Can delete log entry", "content_type": 6, "codename": "delete_logentry"}}, {"model": "auth.permission", "pk": 24, "fields": {"name": "Can view log entry", "content_type": 6, "codename": "view_logentry"}}, {"model": "auth.permission", "pk": 25, "fields": {"name": "Can add email address", "content_type": 7, "codename": "add_emailaddress"}}, {"model": "auth.permission", "pk": 26, "fields": {"name": "Can change email address", "content_type": 7, "codename": "change_emailaddress"}}, {"model": "auth.permission", "pk": 27, "fields": {"name": "Can delete email address", "content_type": 7, "codename": "delete_emailaddress"}}, {"model": "auth.permission", "pk": 28, "fields": {"name": "Can view email address", "content_type": 7, "codename": "view_emailaddress"}}, {"model": "auth.permission", "pk": 29, "fields": {"name": "Can add email confirmation", "content_type": 8, "codename": "add_emailconfirmation"}}, {"model": "auth.permission", "pk": 30, "fields": {"name": "Can change email confirmation", "content_type": 8, "codename": "change_emailconfirmation"}}, {"model": "auth.permission", "pk": 31, "fields": {"name": "Can delete email confirmation", "content_type": 8, "codename": "delete_emailconfirmation"}}, {"model": "auth.permission", "pk": 32, "fields": {"name": "Can view email confirmation", "content_type": 8, "codename": "view_emailconfirmation"}}, {"model": "auth.permission", "pk": 33, "fields": {"name": "Can add social account", "content_type": 9, "codename": "add_socialaccount"}}, {"model": "auth.permission", "pk": 34, "fields": {"name": "Can change social account", "content_type": 9, "codename": "change_socialaccount"}}, {"model": "auth.permission", "pk": 35, "fields": {"name": "Can delete social account", "content_type": 9, "codename": "delete_socialaccount"}}, {"model": "auth.permission", "pk": 36, "fields": {"name": "Can view social account", "content_type": 9, "codename": "view_socialaccount"}}, {"model": "auth.permission", "pk": 37, "fields": {"name": "Can add social application", "content_type": 10, "codename": "add_socialapp"}}, {"model": "auth.permission", "pk": 38, "fields": {"name": "Can change social application", "content_type": 10, "codename": "change_socialapp"}}, {"model": "auth.permission", "pk": 39, "fields": {"name": "Can delete social application", "content_type": 10, "codename": "delete_socialapp"}}, {"model": "auth.permission", "pk": 40, "fields": {"name": "Can view social application", "content_type": 10, "codename": "view_socialapp"}}, {"model": "auth.permission", "pk": 41, "fields": {"name": "Can add social application token", "content_type": 11, "codename": "add_socialtoken"}}, {"model": "auth.permission", "pk": 42, "fields": {"name": "Can change social application token", "content_type": 11, "codename": "change_socialtoken"}}, {"model": "auth.permission", "pk": 43, "fields": {"name": "Can delete social application token", "content_type": 11, "codename": "delete_socialtoken"}}, {"model": "auth.permission", "pk": 44, "fields": {"name": "Can view social application token", "content_type": 11, "codename": "view_socialtoken"}}, {"model": "auth.permission", "pk": 45, "fields": {"name": "Can add user", "content_type": 12, "codename": "add_user"}}, {"model": "auth.permission", "pk": 46, "fields": {"name": "Can change user", "content_type": 12, "codename": "change_user"}}, {"model": "auth.permission", "pk": 47, "fields": {"name": "Can delete user", "content_type": 12, "codename": "delete_user"}}, {"model": "auth.permission", "pk": 48, "fields": {"name": "Can view user", "content_type": 12, "codename": "view_user"}}, {"model": "auth.permission", "pk": 49, "fields": {"name": "Can add story", "content_type": 13, "codename": "add_story"}}, {"model": "auth.permission", "pk": 50, "fields": {"name": "Can change story", "content_type": 13, "codename": "change_story"}}, {"model": "auth.permission", "pk": 51, "fields": {"name": "Can delete story", "content_type": 13, "codename": "delete_story"}}, {"model": "auth.permission", "pk": 52, "fields": {"name": "Can view story", "content_type": 13, "codename": "view_story"}}, {"model": "auth.permission", "pk": 53, "fields": {"name": "Can add participant", "content_type": 14, "codename": "add_participant"}}, {"model": "auth.permission", "pk": 54, "fields": {"name": "Can change participant", "content_type": 14, "codename": "change_participant"}}, {"model": "auth.permission", "pk": 55, "fields": {"name": "Can delete participant", "content_type": 14, "codename": "delete_participant"}}, {"model": "auth.permission", "pk": 56, "fields": {"name": "Can view participant", "content_type": 14, "codename": "view_participant"}}, {"model": "auth.permission", "pk": 57, "fields": {"name": "Can add poker session", "content_type": 15, "codename": "add_pokersession"}}, {"model": "auth.permission", "pk": 58, "fields": {"name": "Can change poker session", "content_type": 15, "codename": "change_pokersession"}}, {"model": "auth.permission", "pk": 59, "fields": {"name": "Can delete poker session", "content_type": 15, "codename": "delete_pokersession"}}, {"model": "auth.permission", "pk": 60, "fields": {"name": "Can view poker session", "content_type": 15, "codename": "view_pokersession"}}, {"model": "auth.permission", "pk": 61, "fields": {"name": "Can add vote", "content_type": 16, "codename": "add_vote"}}, {"model": "auth.permission", "pk": 62, "fields": {"name": "Can change vote", "content_type": 16, "codename": "change_vote"}}, {"model": "auth.permission", "pk": 63, "fields": {"name": "Can delete vote", "content_type": 16, "codename": "delete_vote"}}, {"model": "auth.permission", "pk": 64, "fields": {"name": "Can view vote", "content_type": 16, "codename": "view_vote"}}, {"model": "auth.permission", "pk": 65, "fields": {"name": "Can add feature", "content_type": 17, "codename": "add_feature"}}, {"model": "auth.permission", "pk": 66, "fields": {"name": "Can change feature", "content_type": 17, "codename": "change_feature"}}, {"model": "auth.permission", "pk": 67, "fields": {"name": "Can delete feature", "content_type": 17, "codename": "delete_feature"}}, {"model": "auth.permission", "pk": 68, "fields": {"name": "Can view feature", "content_type": 17, "codename": "view_feature"}}, {"model": "auth.permission", "pk": 69, "fields": {"name": "Can add messages", "content_type": 18, "codename": "add_messages"}}, {"model": "auth.permission", "pk": 70, "fields": {"name": "Can change messages", "content_type": 18, "codename": "change_messages"}}, {"model": "auth.permission", "pk": 71, "fields": {"name": "Can delete messages", "content_type": 18, "codename": "delete_messages"}}, {"model": "auth.permission", "pk": 72, "fields": {"name": "Can view messages", "content_type": 18, "codename": "view_messages"}}, {"model": "auth.permission", "pk": 73, "fields": {"name": "Can add tour", "content_type": 19, "codename": "add_tour"}}, {"model": "auth.permission", "pk": 74, "fields": {"name": "Can change tour", "content_type": 19, "codename": "change_tour"}}, {"model": "auth.permission", "pk": 75, "fields": {"name": "Can delete tour", "content_type": 19, "codename": "delete_tour"}}, {"model": "auth.permission", "pk": 76, "fields": {"name": "Can view tour", "content_type": 19, "codename": "view_tour"}}, {"model": "contenttypes.contenttype", "pk": 1, "fields": {"app_label": "auth", "model": "permission"}}, {"model": "contenttypes.contenttype", "pk": 2, "fields": {"app_label": "auth", "model": "group"}}, {"model": "contenttypes.contenttype", "pk": 3, "fields": {"app_label": "contenttypes", "model": "contenttype"}}, {"model": "contenttypes.contenttype", "pk": 4, "fields": {"app_label": "sessions", "model": "session"}}, {"model": "contenttypes.contenttype", "pk": 5, "fields": {"app_label": "sites", "model": "site"}}, {"model": "contenttypes.contenttype", "pk": 6, "fields": {"app_label": "admin", "model": "logentry"}}, {"model": "contenttypes.contenttype", "pk": 7, "fields": {"app_label": "account", "model": "emailaddress"}}, {"model": "contenttypes.contenttype", "pk": 8, "fields": {"app_label": "account", "model": "emailconfirmation"}}, {"model": "contenttypes.contenttype", "pk": 9, "fields": {"app_label": "socialaccount", "model": "socialaccount"}}, {"model": "contenttypes.contenttype", "pk": 10, "fields": {"app_label": "socialaccount", "model": "socialapp"}}, {"model": "contenttypes.contenttype", "pk": 11, "fields": {"app_label": "socialaccount", "model": "socialtoken"}}, {"model": "contenttypes.contenttype", "pk": 12, "fields": {"app_label": "users", "model": "user"}}, {"model": "contenttypes.contenttype", "pk": 13, "fields": {"app_label": "core", "model": "story"}}, {"model": "contenttypes.contenttype", "pk": 14, "fields": {"app_label": "core", "model": "participant"}}, {"model": "contenttypes.contenttype", "pk": 15, "fields": {"app_label": "core", "model": "pokersession"}}, {"model": "contenttypes.contenttype", "pk": 16, "fields": {"app_label": "core", "model": "vote"}}, {"model": "contenttypes.contenttype", "pk": 17, "fields": {"app_label": "core", "model": "feature"}}, {"model": "contenttypes.contenttype", "pk": 18, "fields": {"app_label": "core", "model": "messages"}}, {"model": "contenttypes.contenttype", "pk": 19, "fields": {"app_label": "core", "model": "tour"}}, {"model": "sessions.session", "pk": "9o0ahq2vy9ci35jkzaanlypsmc4htdbo", "fields": {"session_data": ".eJxVjtEOgyAMRf-F58UU1AK-bT9CCpZoZnQRTLYs-_eh8WF77L3t6XkLR1se3JZ4dWMvOiHF5TfzFO487wVN0x5XFMKyzbk6ds46Vdcy8ZzHQHlc5tt59YcaKA2Foz144wNHq5RHalpgaRhaAI-hCaipVWRsjHWNUGuggMgUlVaE2jRtgZ4KB_t8yr2jLDqpQSkJEurKIiiLtigkTqlIOX4-xvUlOvh8ARC9UW4:1rCJDq:K47eH6pwj6e-4PvFIo7-gmfTNqnZj8A10Redggicp78", "expire_date": "2023-12-24T12:47:50.916Z"}}, {"model": "sessions.session", "pk": "l91sbehlnpxyu5jii5grbvrnpiwbj5ht", "fields": {"session_data": ".eJxlj8EKgzAQRP8lZxGTJtH11v6IrJsNhqYRNPZS-u9VkUrpbXfe7gzzEkg0Lil3T56CD-w6fmCIok1LjMWXLjNPohVKFKLDJQ-70AX3r_VId04bwBg3uTw8yv3mwHN5XTdOORDmMKbb8fVjNeA8rD7WaOM8Grh4D0S2t1qiJKxlzcaDZrBYObCKjFUNGAQnSTO5BnpiMOKsgWfo2hSzaGVdKankpdJlY9fRyvcHkCNcdg:1rCGc9:0jpzSMRYWEaSEuEce7wWS5a5gtyD73JwFKZZrUlXGGw", "expire_date": "2023-12-24T10:00:45.718Z"}}, {"model": "sessions.session", "pk": "u08dzkidrhnurwd6awmia3atykqnxntg", "fields": {"session_data": ".eJxVjksOgzAMBe-SdYWMyQ927UUiJzgCFUFFgtSq6t0bEIt26ffs8byFoy0Pbku8urEXnajF5TfzFO487wVN0x5XFMKyzbk6ds46Vdcy8ZzHQHlc5tt59YcaKA2FYzx46wPHFtFrkgq4tgwKwOsggzakkGwbY9NoaAxQ0JopokHSxkpVoKfCwT6fcu8oi642gDWiklgBNAhYDBKnVJwcPx_j-hIdfL7A-FEl:1rCGcm:ZHhlkjxVUlfio4BxWu8LnFczthA_kmyyZ0g3nkAwdZM", "expire_date": "2023-12-24T10:01:24.473Z"}}, {"model": "sites.site", "pk": 1, "fields": {"domain": "example.com", "name": "Planning Poker"}}, {"model": "users.user", "pk": 1, "fields": {"password": "argon2$argon2id$v=19$m=102400,t=2,p=8$S3MxMG83ckhBaFVuSURmZ2V3VGNXdQ$BmQyF3NRUyjZUCFHOYatYYao6lF0Jt012PVt6lnWnMg", "last_login": "2023-12-10T12:08:23.954Z", "is_superuser": false, "username": "Kimmy", "email": "", "is_staff": false, "is_active": true, "date_joined": "2023-12-09T08:08:44.989Z", "name": "", "groups": [], "user_permissions": []}}, {"model": "users.user", "pk": 2, "fields": {"password": "argon2$argon2id$v=19$m=102400,t=2,p=8$N2dpREVlZ0ZOWTFrUVdVdDR4RkFGMg$UHKMt5VzwO8z0HK4KEeXAHJijS5jWTz9S8wi9J+f8xQ", "last_login": "2023-12-09T11:28:24.855Z", "is_superuser": false, "username": "mehdi", "email": "", "is_staff": false, "is_active": true, "date_joined": "2023-12-09T11:28:24.418Z", "name": "", "groups": [], "user_permissions": []}}, {"model": "core.pokersession", "pk": 2, "fields": {"players": 1, "owner": 1, "feature_field_name": "items", "product_backlog": "{'items': [{'id': 1, 'name': 'Ajouter une nouvelle fonctionnalité', 'description': 'Cette fonctionnalité permettra aux utilisateurs de faire quelque chose de nouveau.', 'priority': 'Haute', 'estimate': '10 jours', 'status': 'En cours'}, {'id': 2, 'name': 'Corriger un bug', 'description': 'Ce bug empêche les utilisateurs de faire quelque chose.', 'priority': 'Moyenne', 'estimate': '5 jours', 'status': 'À faire'}, {'id': 3, 'name': \"Améliorer l'interface utilisateur\", 'description': \"Cette amélioration rendra l'interface utilisateur plus facile à utiliser.\", 'priority': 'Basse', 'estimate': '2 jours', 'status': 'À faire'}]}", "product_backlog_file": "files/backlog_h8A4M5b.json", "mode": "strict", "status": "finished", "created_at": "2023-12-09T08:29:35.644Z", "result_file": ""}}, {"model": "core.pokersession", "pk": 3, "fields": {"players": 1, "owner": 2, "feature_field_name": "items", "product_backlog": "{'items': [{'id': 1, 'name': 'Ajouter une nouvelle fonctionnalité', 'description': 'Cette fonctionnalité permettra aux utilisateurs de faire quelque chose de nouveau.', 'priority': 'Haute', 'estimate': '10 jours', 'status': 'En cours'}, {'id': 2, 'name': 'Corriger un bug', 'description': 'Ce bug empêche les utilisateurs de faire quelque chose.', 'priority': 'Moyenne', 'estimate': '5 jours', 'status': 'À faire'}, {'id': 3, 'name': \"Améliorer l'interface utilisateur\", 'description': \"Cette amélioration rendra l'interface utilisateur plus facile à utiliser.\", 'priority': 'Basse', 'estimate': '2 jours', 'status': 'À faire'}]}", "product_backlog_file": "files/backlog_3k5luBt.json", "mode": "strict", "status": "finished", "created_at": "2023-12-09T11:42:36.831Z", "result_file": ""}}, {"model": "core.pokersession", "pk": 4, "fields": {"players": 1, "owner": 1, "feature_field_name": "items", "product_backlog": "{'items': [{'id': 1, 'name': 'Ajouter une nouvelle fonctionnalité', 'description': 'Cette fonctionnalité permettra aux utilisateurs de faire quelque chose de nouveau.', 'priority': 'Haute', 'estimate': '10 jours', 'status': 'En cours'}, {'id': 2, 'name': 'Corriger un bug', 'description': 'Ce bug empêche les utilisateurs de faire quelque chose.', 'priority': 'Moyenne', 'estimate': '5 jours', 'status': 'À faire'}, {'id': 3, 'name': \"Améliorer l'interface utilisateur\", 'description': \"Cette amélioration rendra l'interface utilisateur plus facile à utiliser.\", 'priority': 'Basse', 'estimate': '2 jours', 'status': 'À faire'}]}", "product_backlog_file": "files/backlog_s2nAsqz.json", "mode": "strict", "status": "created", "created_at": "2023-12-09T16:33:05.864Z", "result_file": ""}}, {"model": "core.pokersession", "pk": 5, "fields": {"players": 2, "owner": 1, "feature_field_name": "items", "product_backlog": "{'items': [{'id': 1, 'name': 'Ajouter une nouvelle fonctionnalité', 'description': 'Cette fonctionnalité permettra aux utilisateurs de faire quelque chose de nouveau.', 'priority': 'Haute', 'estimate': '10 jours', 'status': 'En cours'}, {'id': 2, 'name': 'Corriger un bug', 'description': 'Ce bug empêche les utilisateurs de faire quelque chose.', 'priority': 'Moyenne', 'estimate': '5 jours', 'status': 'À faire'}, {'id': 3, 'name': \"Améliorer l'interface utilisateur\", 'description': \"Cette amélioration rendra l'interface utilisateur plus facile à utiliser.\", 'priority': 'Basse', 'estimate': '2 jours', 'status': 'À faire'}]}", "product_backlog_file": "files/backlog_ZwFAJUB.json", "mode": "strict", "status": "created", "created_at": "2023-12-09T16:42:11.929Z", "result_file": ""}}, {"model": "core.pokersession", "pk": 6, "fields": {"players": 2, "owner": 1, "feature_field_name": "items", "product_backlog": "{'items': [{'id': 1, 'name': 'Ajouter une nouvelle fonctionnalité', 'description': 'Cette fonctionnalité permettra aux utilisateurs de faire quelque chose de nouveau.', 'priority': 'Haute', 'estimate': '10 jours', 'status': 'En cours'}, {'id': 2, 'name': 'Corriger un bug', 'description': 'Ce bug empêche les utilisateurs de faire quelque chose.', 'priority': 'Moyenne', 'estimate': '5 jours', 'status': 'À faire'}, {'id': 3, 'name': \"Améliorer l'interface utilisateur\", 'description': \"Cette amélioration rendra l'interface utilisateur plus facile à utiliser.\", 'priority': 'Basse', 'estimate': '2 jours', 'status': 'À faire'}]}", "product_backlog_file": "files/backlog_cn9CivP.json", "mode": "strict", "status": "finished", "created_at": "2023-12-09T16:52:28.265Z", "result_file": ""}}, {"model": "core.pokersession", "pk": 7, "fields": {"players": 2, "owner": 1, "feature_field_name": "items", "product_backlog": "{'items': [{'id': 1, 'name': 'Ajouter une nouvelle fonctionnalité', 'description': 'Cette fonctionnalité permettra aux utilisateurs de faire quelque chose de nouveau.', 'priority': 'Haute', 'estimate': '10 jours', 'status': 'En cours'}, {'id': 2, 'name': 'Corriger un bug', 'description': 'Ce bug empêche les utilisateurs de faire quelque chose.', 'priority': 'Moyenne', 'estimate': '5 jours', 'status': 'À faire'}, {'id': 3, 'name': \"Améliorer l'interface utilisateur\", 'description': \"Cette amélioration rendra l'interface utilisateur plus facile à utiliser.\", 'priority': 'Basse', 'estimate': '2 jours', 'status': 'À faire'}]}", "product_backlog_file": "files/backlog_ULmRgHC.json", "mode": "medium", "status": "finished", "created_at": "2023-12-09T17:09:26.538Z", "result_file": ""}}, {"model": "core.feature", "pk": 1, "fields": {"poker_session": 2, "title": "Ajouter une nouvelle fonctionnalité", "description": "Cette fonctionnalité permettra aux utilisateurs de faire quelque chose de nouveau.", "story_points": 0, "voted": true}}, {"model": "core.feature", "pk": 2, "fields": {"poker_session": 2, "title": "Corriger un bug", "description": "Ce bug empêche les utilisateurs de faire quelque chose.", "story_points": 0, "voted": true}}, {"model": "core.feature", "pk": 3, "fields": {"poker_session": 2, "title": "Améliorer l'interface utilisateur", "description": "Cette amélioration rendra l'interface utilisateur plus facile à utiliser.", "story_points": 0, "voted": true}}, {"model": "core.feature", "pk": 4, "fields": {"poker_session": 3, "title": "Ajouter une nouvelle fonctionnalité", "description": "Cette fonctionnalité permettra aux utilisateurs de faire quelque chose de nouveau.", "story_points": 0, "voted": true}}, {"model": "core.feature", "pk": 5, "fields": {"poker_session": 3, "title": "Corriger un bug", "description": "Ce bug empêche les utilisateurs de faire quelque chose.", "story_points": 0, "voted": true}}, {"model": "core.feature", "pk": 6, "fields": {"poker_session": 3, "title": "Améliorer l'interface utilisateur", "description": "Cette amélioration rendra l'interface utilisateur plus facile à utiliser.", "story_points": 100, "voted": true}}, {"model": "core.feature", "pk": 7, "fields": {"poker_session": 4, "title": "Ajouter une nouvelle fonctionnalité", "description": "Cette fonctionnalité permettra aux utilisateurs de faire quelque chose de nouveau.", "story_points": 0, "voted": true}}, {"model": "core.feature", "pk": 8, "fields": {"poker_session": 4, "title": "Corriger un bug", "description": "Ce bug empêche les utilisateurs de faire quelque chose.", "story_points": 0, "voted": false}}, {"model": "core.feature", "pk": 9, "fields": {"poker_session": 4, "title": "Améliorer l'interface utilisateur", "description": "Cette amélioration rendra l'interface utilisateur plus facile à utiliser.", "story_points": 0, "voted": false}}, {"model": "core.feature", "pk": 10, "fields": {"poker_session": 5, "title": "Ajouter une nouvelle fonctionnalité", "description": "Cette fonctionnalité permettra aux utilisateurs de faire quelque chose de nouveau.", "story_points": 2, "voted": true}}, {"model": "core.feature", "pk": 11, "fields": {"poker_session": 5, "title": "Corriger un bug", "description": "Ce bug empêche les utilisateurs de faire quelque chose.", "story_points": 3, "voted": true}}, {"model": "core.feature", "pk": 12, "fields": {"poker_session": 5, "title": "Améliorer l'interface utilisateur", "description": "Cette amélioration rendra l'interface utilisateur plus facile à utiliser.", "story_points": 0, "voted": false}}, {"model": "core.feature", "pk": 13, "fields": {"poker_session": 6, "title": "Ajouter une nouvelle fonctionnalité", "description": "Cette fonctionnalité permettra aux utilisateurs de faire quelque chose de nouveau.", "story_points": 100, "voted": true}}, {"model": "core.feature", "pk": 14, "fields": {"poker_session": 6, "title": "Corriger un bug", "description": "Ce bug empêche les utilisateurs de faire quelque chose.", "story_points": 2, "voted": true}}, {"model": "core.feature", "pk": 15, "fields": {"poker_session": 6, "title": "Améliorer l'interface utilisateur", "description": "Cette amélioration rendra l'interface utilisateur plus facile à utiliser.", "story_points": 40, "voted": true}}, {"model": "core.feature", "pk": 16, "fields": {"poker_session": 7, "title": "Ajouter une nouvelle fonctionnalité", "description": "Cette fonctionnalité permettra aux utilisateurs de faire quelque chose de nouveau.", "story_points": 0, "voted": true}}, {"model": "core.feature", "pk": 17, "fields": {"poker_session": 7, "title": "Corriger un bug", "description": "Ce bug empêche les utilisateurs de faire quelque chose.", "story_points": 5, "voted": true}}, {"model": "core.feature", "pk": 18, "fields": {"poker_session": 7, "title": "Améliorer l'interface utilisateur", "description": "Cette amélioration rendra l'interface utilisateur plus facile à utiliser.", "story_points": 8, "voted": true}}, {"model": "core.participant", "pk": 5, "fields": {"poker_session": 2, "user": 1}}, {"model": "core.participant", "pk": 7, "fields": {"poker_session": 3, "user": 2}}, {"model": "core.participant", "pk": 9, "fields": {"poker_session": 3, "user": 1}}, {"model": "core.participant", "pk": 18, "fields": {"poker_session": 4, "user": 1}}, {"model": "core.participant", "pk": 20, "fields": {"poker_session": 5, "user": 1}}, {"model": "core.participant", "pk": 22, "fields": {"poker_session": 5, "user": 2}}, {"model": "core.participant", "pk": 23, "fields": {"poker_session": 6, "user": 1}}, {"model": "core.participant", "pk": 25, "fields": {"poker_session": 6, "user": 2}}, {"model": "core.participant", "pk": 26, "fields": {"poker_session": 7, "user": 1}}, {"model": "core.participant", "pk": 28, "fields": {"poker_session": 7, "user": 2}}, {"model": "core.vote", "pk": 5, "fields": {"poker_session": 2, "feature": 1, "voter": 5, "vote": 100, "tour": 6, "cafe": false, "interro": false}}, {"model": "core.vote", "pk": 6, "fields": {"poker_session": 2, "feature": 2, "voter": 5, "vote": 40, "tour": 7, "cafe": false, "interro": false}}, {"model": "core.vote", "pk": 7, "fields": {"poker_session": 2, "feature": 3, "voter": 5, "vote": 8, "tour": 8, "cafe": false, "interro": false}}, {"model": "core.vote", "pk": 8, "fields": {"poker_session": 3, "feature": 4, "voter": 9, "vote": 5, "tour": 9, "cafe": false, "interro": false}}, {"model": "core.vote", "pk": 9, "fields": {"poker_session": 3, "feature": 4, "voter": 7, "vote": 3, "tour": 9, "cafe": false, "interro": false}}, {"model": "core.vote", "pk": 10, "fields": {"poker_session": 3, "feature": 4, "voter": 9, "vote": 5, "tour": 11, "cafe": false, "interro": false}}, {"model": "core.vote", "pk": 11, "fields": {"poker_session": 3, "feature": 4, "voter": 7, "vote": 40, "tour": 11, "cafe": false, "interro": false}}, {"model": "core.vote", "pk": 12, "fields": {"poker_session": 3, "feature": 4, "voter": 9, "vote": 3, "tour": 13, "cafe": false, "interro": false}}, {"model": "core.vote", "pk": 13, "fields": {"poker_session": 3, "feature": 4, "voter": 7, "vote": 5, "tour": 13, "cafe": false, "interro": false}}, {"model": "core.vote", "pk": 14, "fields": {"poker_session": 3, "feature": 4, "voter": 9, "vote": 40, "tour": 14, "cafe": false, "interro": false}}, {"model": "core.vote", "pk": 15, "fields": {"poker_session": 3, "feature": 4, "voter": 7, "vote": 40, "tour": 14, "cafe": false, "interro": false}}, {"model": "core.vote", "pk": 16, "fields": {"poker_session": 3, "feature": 5, "voter": 9, "vote": 5, "tour": 15, "cafe": false, "interro": false}}, {"model": "core.vote", "pk": 17, "fields": {"poker_session": 3, "feature": 5, "voter": 7, "vote": 8, "tour": 15, "cafe": false, "interro": false}}, {"model": "core.vote", "pk": 18, "fields": {"poker_session": 3, "feature": 5, "voter": 7, "vote": 5, "tour": 16, "cafe": false, "interro": false}}, {"model": "core.vote", "pk": 19, "fields": {"poker_session": 3, "feature": 5, "voter": 9, "vote": 5, "tour": 16, "cafe": false, "interro": false}}, {"model": "core.vote", "pk": 20, "fields": {"poker_session": 3, "feature": 6, "voter": 9, "vote": 100, "tour": 17, "cafe": false, "interro": false}}, {"model": "core.vote", "pk": 21, "fields": {"poker_session": 3, "feature": 6, "voter": 7, "vote": 100, "tour": 17, "cafe": false, "interro": false}}, {"model": "core.vote", "pk": 22, "fields": {"poker_session": 4, "feature": 7, "voter": 18, "vote": 0, "tour": 18, "cafe": false, "interro": false}}, {"model": "core.vote", "pk": 23, "fields": {"poker_session": 5, "feature": 10, "voter": 22, "vote": 2, "tour": 19, "cafe": false, "interro": false}}, {"model": "core.vote", "pk": 24, "fields": {"poker_session": 5, "feature": 10, "voter": 20, "vote": 2, "tour": 19, "cafe": false, "interro": false}}, {"model": "core.vote", "pk": 25, "fields": {"poker_session": 5, "feature": 11, "voter": 20, "vote": 3, "tour": 20, "cafe": false, "interro": false}}, {"model": "core.vote", "pk": 26, "fields": {"poker_session": 5, "feature": 11, "voter": 22, "vote": 3, "tour": 20, "cafe": false, "interro": false}}, {"model": "core.vote", "pk": 27, "fields": {"poker_session": 5, "feature": 12, "voter": 22, "vote": 40, "tour": 21, "cafe": false, "interro": false}}, {"model": "core.vote", "pk": 28, "fields": {"poker_session": 5, "feature": 12, "voter": 20, "vote": 13, "tour": 21, "cafe": false, "interro": false}}, {"model": "core.vote", "pk": 29, "fields": {"poker_session": 5, "feature": 12, "voter": 20, "vote": 100, "tour": 22, "cafe": false, "interro": false}}, {"model": "core.vote", "pk": 30, "fields": {"poker_session": 5, "feature": 12, "voter": 22, "vote": 3, "tour": 22, "cafe": false, "interro": false}}, {"model": "core.vote", "pk": 31, "fields": {"poker_session": 5, "feature": 12, "voter": 20, "vote": 100, "tour": 23, "cafe": false, "interro": false}}, {"model": "core.vote", "pk": 32, "fields": {"poker_session": 6, "feature": 13, "voter": 23, "vote": 100, "tour": 24, "cafe": false, "interro": false}}, {"model": "core.vote", "pk": 33, "fields": {"poker_session": 6, "feature": 13, "voter": 25, "vote": 100, "tour": 24, "cafe": false, "interro": false}}, {"model": "core.vote", "pk": 34, "fields": {"poker_session": 6, "feature": 14, "voter": 25, "vote": 2, "tour": 25, "cafe": false, "interro": false}}, {"model": "core.vote", "pk": 35, "fields": {"poker_session": 6, "feature": 14, "voter": 23, "vote": 2, "tour": 25, "cafe": false, "interro": false}}, {"model": "core.vote", "pk": 36, "fields": {"poker_session": 6, "feature": 15, "voter": 23, "vote": 5, "tour": 26, "cafe": false, "interro": false}}, {"model": "core.vote", "pk": 37, "fields": {"poker_session": 6, "feature": 15, "voter": 25, "vote": 8, "tour": 26, "cafe": false, "interro": false}}, {"model": "core.vote", "pk": 38, "fields": {"poker_session": 6, "feature": 15, "voter": 23, "vote": 40, "tour": 27, "cafe": false, "interro": false}}, {"model": "core.vote", "pk": 39, "fields": {"poker_session": 6, "feature": 15, "voter": 25, "vote": 20, "tour": 27, "cafe": false, "interro": false}}, {"model": "core.vote", "pk": 40, "fields": {"poker_session": 6, "feature": 15, "voter": 23, "vote": 40, "tour": 28, "cafe": false, "interro": false}}, {"model": "core.vote", "pk": 41, "fields": {"poker_session": 6, "feature": 15, "voter": 25, "vote": 20, "tour": 28, "cafe": false, "interro": false}}, {"model": "core.vote", "pk": 42, "fields": {"poker_session": 6, "feature": 15, "voter": 23, "vote": 40, "tour": 29, "cafe": false, "interro": false}}, {"model": "core.vote", "pk": 43, "fields": {"poker_session": 6, "feature": 15, "voter": 25, "vote": 40, "tour": 29, "cafe": false, "interro": false}}, {"model": "core.vote", "pk": 44, "fields": {"poker_session": 7, "feature": 16, "voter": 26, "vote": 40, "tour": 30, "cafe": false, "interro": false}}, {"model": "core.vote", "pk": 45, "fields": {"poker_session": 7, "feature": 16, "voter": 28, "vote": 20, "tour": 30, "cafe": false, "interro": false}}, {"model": "core.vote", "pk": 46, "fields": {"poker_session": 7, "feature": 16, "voter": 26, "vote": 100, "tour": 31, "cafe": false, "interro": false}}, {"model": "core.vote", "pk": 47, "fields": {"poker_session": 7, "feature": 16, "voter": 28, "vote": 100, "tour": 31, "cafe": false, "interro": false}}, {"model": "core.vote", "pk": 48, "fields": {"poker_session": 7, "feature": 17, "voter": 26, "vote": 40, "tour": 32, "cafe": false, "interro": false}}, {"model": "core.vote", "pk": 49, "fields": {"poker_session": 7, "feature": 17, "voter": 28, "vote": 3, "tour": 32, "cafe": false, "interro": false}}, {"model": "core.vote", "pk": 50, "fields": {"poker_session": 7, "feature": 17, "voter": 26, "vote": 5, "tour": 33, "cafe": false, "interro": false}}, {"model": "core.vote", "pk": 51, "fields": {"poker_session": 7, "feature": 17, "voter": 28, "vote": 5, "tour": 33, "cafe": false, "interro": false}}, {"model": "core.vote", "pk": 52, "fields": {"poker_session": 7, "feature": 18, "voter": 28, "vote": 8, "tour": 34, "cafe": false, "interro": false}}, {"model": "core.vote", "pk": 53, "fields": {"poker_session": 7, "feature": 18, "voter": 26, "vote": 8, "tour": 34, "cafe": false, "interro": false}}, {"model": "core.tour", "pk": 6, "fields": {"poker_session": 2, "feature": 1, "designation": 1}}, {"model": "core.tour", "pk": 7, "fields": {"poker_session": 2, "feature": 2, "designation": 1}}, {"model": "core.tour", "pk": 8, "fields": {"poker_session": 2, "feature": 3, "designation": 1}}, {"model": "core.tour", "pk": 9, "fields": {"poker_session": 3, "feature": 4, "designation": 1}}, {"model": "core.tour", "pk": 11, "fields": {"poker_session": 3, "feature": 4, "designation": 2}}, {"model": "core.tour", "pk": 12, "fields": {"poker_session": 3, "feature": 4, "designation": 2}}, {"model": "core.tour", "pk": 13, "fields": {"poker_session": 3, "feature": 4, "designation": 2}}, {"model": "core.tour", "pk": 14, "fields": {"poker_session": 3, "feature": 4, "designation": 3}}, {"model": "core.tour", "pk": 15, "fields": {"poker_session": 3, "feature": 5, "designation": 1}}, {"model": "core.tour", "pk": 16, "fields": {"poker_session": 3, "feature": 5, "designation": 3}}, {"model": "core.tour", "pk": 17, "fields": {"poker_session": 3, "feature": 6, "designation": 1}}, {"model": "core.tour", "pk": 18, "fields": {"poker_session": 4, "feature": 7, "designation": 1}}, {"model": "core.tour", "pk": 19, "fields": {"poker_session": 5, "feature": 10, "designation": 1}}, {"model": "core.tour", "pk": 20, "fields": {"poker_session": 5, "feature": 11, "designation": 1}}, {"model": "core.tour", "pk": 21, "fields": {"poker_session": 5, "feature": 12, "designation": 1}}, {"model": "core.tour", "pk": 22, "fields": {"poker_session": 5, "feature": 12, "designation": 3}}, {"model": "core.tour", "pk": 23, "fields": {"poker_session": 5, "feature": 12, "designation": 4}}, {"model": "core.tour", "pk": 24, "fields": {"poker_session": 6, "feature": 13, "designation": 1}}, {"model": "core.tour", "pk": 25, "fields": {"poker_session": 6, "feature": 14, "designation": 1}}, {"model": "core.tour", "pk": 26, "fields": {"poker_session": 6, "feature": 15, "designation": 1}}, {"model": "core.tour", "pk": 27, "fields": {"poker_session": 6, "feature": 15, "designation": 3}}, {"model": "core.tour", "pk": 28, "fields": {"poker_session": 6, "feature": 15, "designation": 4}}, {"model": "core.tour", "pk": 29, "fields": {"poker_session": 6, "feature": 15, "designation": 5}}, {"model": "core.tour", "pk": 30, "fields": {"poker_session": 7, "feature": 16, "designation": 1}}, {"model": "core.tour", "pk": 31, "fields": {"poker_session": 7, "feature": 16, "designation": 3}}, {"model": "core.tour", "pk": 32, "fields": {"poker_session": 7, "feature": 17, "designation": 1}}, {"model": "core.tour", "pk": 33, "fields": {"poker_session": 7, "feature": 17, "designation": 3}}, {"model": "core.tour", "pk": 34, "fields": {"poker_session": 7, "feature": 18, "designation": 1}}]